--initial inserts for lookup tables
INSERT INTO SU_ROLES VALUES(1,'Employee');
INSERT INTO SU_ROLES VALUES(2,'Manager');
/
INSERT INTO SB_LANES VALUES(1,'Backlog');
INSERT INTO SB_LANES VALUES(2,'TODO');
INSERT INTO SB_LANES VALUES(3,'In Progress');
INSERT INTO SB_LANES VALUES(4,'Test');
INSERT INTO SB_LANES VALUES(5,'Verify');
INSERT INTO SB_LANES VALUES(6,'Done');
/
--Test Entries--
INSERT INTO SCRUM_USERS(USER_ID,USER_FN,USER_LN,USER_USERNAME,USER_PASSWORD,ROLE_ID,USER_EMAIL) 
VALUES (1,'Patrick','Onion','pusername','password',2,'jpwrunyan@hotmail.com');
INSERT INTO SCRUM_USERS(USER_ID,USER_FN,USER_LN,USER_USERNAME,USER_PASSWORD,ROLE_ID,USER_EMAIL) 
VALUES (2,'Mister','Rogers','musername','password',1,'brogers0101@gmail.com');
INSERT INTO SCRUM_USERS(USER_ID,USER_FN,USER_LN,USER_USERNAME,USER_PASSWORD,ROLE_ID,USER_EMAIL) 
VALUES (3,'Burly','Gerbil','busername','password',1,'jibbgh@gmail.com');
INSERT INTO SCRUM_USERS(USER_ID,USER_FN,USER_LN,USER_USERNAME,USER_PASSWORD,ROLE_ID,USER_EMAIL) 
VALUES (4,'Elvis','Yangster','eusername','password',1,'waveeyang@gmail.com');
/
INSERT INTO SCRUM_BOARDS(SB_ID,USER_ID,SB_NAME) VALUES (1,1,'Patrick Board'); 
INSERT INTO USERS_BOARDS(USER_ID,SB_ID) VALUES(1,1);
INSERT INTO SCRUM_BOARDS(SB_ID,USER_ID,SB_NAME) VALUES (2,2,'Ben Board'); 
INSERT INTO USERS_BOARDS(USER_ID,SB_ID) VALUES(2,2);
INSERT INTO SCRUM_BOARDS(SB_ID,USER_ID,SB_NAME) VALUES (3,3,'Jibril Board'); 
INSERT INTO USERS_BOARDS(USER_ID,SB_ID) VALUES(3,3);
INSERT INTO SCRUM_BOARDS(SB_ID,USER_ID,SB_NAME) VALUES (4,4,'Elvis Board'); 
INSERT INTO USERS_BOARDS(USER_ID,SB_ID) VALUES(4,4);
/
INSERT INTO SB_STORIES(SBS_ID,SB_ID,SBS_DESCRIPTION,SBS_POINTS,SBL_ID) VALUES(1,1,'Finish ProjectTwo',50,2);
/
INSERT INTO SB_TASKS(SBT_ID,SBS_ID,SBT_STATUS,SBT_DESCRIPTION) VALUES(1,1,0,'Do it. Do it now.');
/
COMMIT;
/